Project,Start Date,End Date,Cost
Project 1,1/1/2000,1/2/2000,1
Project 2,2/1/2000,2/2/2000,1
Project 3,3/1/2000,3/2/2000,1
Project 4,4/1/2000,4/2/2000,1
Project 5,5/1/2000,5/2/2000,1
Project 6,6/1/2000,6/2/2000,1
Project 7,7/1/2000,7/2/2000,1
Project 8,8/1/2000,8/2/2000,1
Project 9,9/1/2000,9/2/2000,1
Project 10,10/1/2000,10/2/2000,1
Project 11,11/1/2000,11/2/2000,1
Project 12,12/1/2000,12/2/2000,1
Project 13,1/1/2001,1/2/2001,1
Project 14,2/1/2001,2/2/2001,1
Project 15,3/1/2001,3/2/2001,1
Project 16,4/1/2001,4/2/2001,1
Project 17,5/1/2001,5/2/2001,1
Project 18,6/1/2001,6/2/2001,1
Project 19,7/1/2001,7/2/2001,1
Project 20,8/1/2001,8/2/2001,1
Project 21,9/1/2001,9/2/2001,1
Project 22,10/1/2001,10/2/2001,1
Project 23,11/1/2001,11/2/2001,1
Project 24,12/1/2001,12/2/2001,1
Project 25,1/1/2002,1/2/2002,1
Project 26,2/1/2002,2/2/2002,1
Project 27,3/1/2002,3/2/2002,1
Project 28,4/1/2002,4/2/2002,1
Project 29,5/1/2002,5/2/2002,1
Project 30,6/1/2002,6/2/2002,1
Project 31,7/1/2002,7/2/2002,1
Project 32,8/1/2002,8/2/2002,1
Project 33,9/1/2002,9/2/2002,1
Project 34,10/1/2002,10/2/2002,1
Project 35,11/1/2002,11/2/2002,1
Project 36,12/1/2002,12/2/2002,1
Project 37,1/1/2003,1/2/2003,1
Project 38,2/1/2003,2/2/2003,1
Project 39,3/1/2003,3/2/2003,1
Project 40,4/1/2003,4/2/2003,1
Project 41,5/1/2003,5/2/2003,1
Project 42,6/1/2003,6/2/2003,1
Project 43,7/1/2003,7/2/2003,1
Project 44,8/1/2003,8/2/2003,1
Project 45,9/1/2003,9/2/2003,1
Project 46,10/1/2003,10/2/2003,1
Project 47,11/1/2003,11/2/2003,1
Project 48,12/1/2003,12/2/2003,1
Project 49,1/1/2004,1/2/2004,1
Project 50,2/1/2004,2/2/2004,1
Project 51,3/1/2004,3/2/2004,1
Project 52,4/1/2004,4/2/2004,1
Project 53,5/1/2004,5/2/2004,1
Project 54,6/1/2004,6/2/2004,1
Project 55,7/1/2004,7/2/2004,1
Project 56,8/1/2004,8/2/2004,1
Project 57,9/1/2004,9/2/2004,1
Project 58,10/1/2004,10/2/2004,1
Project 59,11/1/2004,11/2/2004,1
Project 60,12/1/2004,12/2/2004,1
Project 61,1/1/2005,1/2/2005,1
Project 62,2/1/2005,2/2/2005,1
Project 63,3/1/2005,3/2/2005,1
Project 64,4/1/2005,4/2/2005,1
Project 65,5/1/2005,5/2/2005,1
Project 66,6/1/2005,6/2/2005,1
Project 67,7/1/2005,7/2/2005,1
Project 68,8/1/2005,8/2/2005,1
Project 69,9/1/2005,9/2/2005,1
Project 70,10/1/2005,10/2/2005,1
Project 71,11/1/2005,11/2/2005,1
Project 72,12/1/2005,12/2/2005,1
Project 73,1/1/2006,1/2/2006,1
Project 74,2/1/2006,2/2/2006,1
Project 75,3/1/2006,3/2/2006,1
Project 76,4/1/2006,4/2/2006,1
Project 77,5/1/2006,5/2/2006,1
Project 78,6/1/2006,6/2/2006,1
Project 79,7/1/2006,7/2/2006,1
Project 80,8/1/2006,8/2/2006,1
Project 81,9/1/2006,9/2/2006,1
Project 82,10/1/2006,10/2/2006,1
Project 83,11/1/2006,11/2/2006,1
Project 84,12/1/2006,12/2/2006,1
Project 85,1/1/2007,1/2/2007,1
Project 86,2/1/2007,2/2/2007,1
Project 87,3/1/2007,3/2/2007,1
Project 88,4/1/2007,4/2/2007,1
Project 89,5/1/2007,5/2/2007,1
Project 90,6/1/2007,6/2/2007,1
Project 91,7/1/2007,7/2/2007,1
Project 92,8/1/2007,8/2/2007,1
Project 93,9/1/2007,9/2/2007,1
Project 94,10/1/2007,10/2/2007,1
Project 95,11/1/2007,11/2/2007,1
Project 96,12/1/2007,12/2/2007,1
Project 97,1/1/2008,1/2/2008,1
Project 98,2/1/2008,2/2/2008,1
Project 99,3/1/2008,3/2/2008,1
Project 100,4/1/2008,4/2/2008,1
Project 101,5/1/2008,5/2/2008,1
Project 102,6/1/2008,6/2/2008,1
Project 103,7/1/2008,7/2/2008,1
Project 104,8/1/2008,8/2/2008,1
Project 105,9/1/2008,9/2/2008,1
Project 106,10/1/2008,10/2/2008,1
Project 107,11/1/2008,11/2/2008,1
Project 108,12/1/2008,12/2/2008,1
Project 109,1/1/2009,1/2/2009,1
Project 110,2/1/2009,2/2/2009,1
Project 111,3/1/2009,3/2/2009,1
Project 112,4/1/2009,4/2/2009,1
Project 113,5/1/2009,5/2/2009,1
Project 114,6/1/2009,6/2/2009,1
Project 115,7/1/2009,7/2/2009,1
Project 116,8/1/2009,8/2/2009,1
Project 117,9/1/2009,9/2/2009,1
Project 118,10/1/2009,10/2/2009,1
Project 119,11/1/2009,11/2/2009,1
Project 120,12/1/2009,12/2/2009,1
Project 121,1/1/2010,1/2/2010,1
Project 122,2/1/2010,2/2/2010,1
Project 123,3/1/2010,3/2/2010,1
Project 124,4/1/2010,4/2/2010,1
Project 125,5/1/2010,5/2/2010,1
Project 126,6/1/2010,6/2/2010,1
Project 127,7/1/2010,7/2/2010,1
Project 128,8/1/2010,8/2/2010,1
Project 129,9/1/2010,9/2/2010,1
Project 130,10/1/2010,10/2/2010,1
Project 131,11/1/2010,11/2/2010,1
Project 132,12/1/2010,12/2/2010,1
Project 133,1/1/2011,1/2/2011,1
Project 134,2/1/2011,2/2/2011,1
Project 135,3/1/2011,3/2/2011,1
Project 136,4/1/2011,4/2/2011,1
Project 137,5/1/2011,5/2/2011,1
Project 138,6/1/2011,6/2/2011,1
Project 139,7/1/2011,7/2/2011,1
Project 140,8/1/2011,8/2/2011,1
Project 141,9/1/2011,9/2/2011,1
Project 142,10/1/2011,10/2/2011,1
Project 143,11/1/2011,11/2/2011,1
Project 144,12/1/2011,12/2/2011,1
Project 145,1/1/2012,1/2/2012,1
Project 146,2/1/2012,2/2/2012,1
Project 147,3/1/2012,3/2/2012,1
Project 148,4/1/2012,4/2/2012,1
Project 149,5/1/2012,5/2/2012,1
Project 150,6/1/2012,6/2/2012,1
Project 151,7/1/2012,7/2/2012,1
Project 152,8/1/2012,8/2/2012,1
Project 153,9/1/2012,9/2/2012,1
Project 154,10/1/2012,10/2/2012,1
Project 155,11/1/2012,11/2/2012,1
Project 156,12/1/2012,12/2/2012,1
Project 157,1/1/2013,1/2/2013,1
Project 158,2/1/2013,2/2/2013,1
Project 159,3/1/2013,3/2/2013,1
Project 160,4/1/2013,4/2/2013,1
Project 161,5/1/2013,5/2/2013,1
Project 162,6/1/2013,6/2/2013,1
Project 163,7/1/2013,7/2/2013,1
Project 164,8/1/2013,8/2/2013,1
Project 165,9/1/2013,9/2/2013,1
Project 166,10/1/2013,10/2/2013,1
Project 167,11/1/2013,11/2/2013,1
Project 168,12/1/2013,12/2/2013,1
Project 169,1/1/2014,1/2/2014,1
Project 170,2/1/2014,2/2/2014,1
Project 171,3/1/2014,3/2/2014,1
Project 172,4/1/2014,4/2/2014,1
Project 173,5/1/2014,5/2/2014,1
Project 174,6/1/2014,6/2/2014,1
Project 175,7/1/2014,7/2/2014,1
Project 176,8/1/2014,8/2/2014,1
Project 177,9/1/2014,9/2/2014,1
Project 178,10/1/2014,10/2/2014,1
Project 179,11/1/2014,11/2/2014,1
Project 180,12/1/2014,12/2/2014,1
Project 181,1/1/2015,1/2/2015,1
Project 182,2/1/2015,2/2/2015,1
Project 183,3/1/2015,3/2/2015,1
Project 184,4/1/2015,4/2/2015,1
Project 185,5/1/2015,5/2/2015,1
Project 186,6/1/2015,6/2/2015,1
Project 187,7/1/2015,7/2/2015,1
Project 188,8/1/2015,8/2/2015,1
Project 189,9/1/2015,9/2/2015,1
Project 190,10/1/2015,10/2/2015,1
Project 191,11/1/2015,11/2/2015,1
Project 192,12/1/2015,12/2/2015,1
